match_date,tournament ,surface,versus,score,results
13?Aug?2026,Cincinnati,Hard,(9)Amanda Anisimova [USA] d. (17)Eala,4-6 6-4 6-2,L
13?Aug?2026,Cincinnati,Hard,(17)Eala d. Elena Gabriela Ruse [ROU],6-1 3-0 RET,W
2?Aug?2026,Toronto,Hard,(12)Belinda Bencic [SUI] d. (25)Eala,6-4 6-0,L
2?Aug?2026,Toronto,Hard,(25)Eala d. Caty Mcnally [USA],6-3 5-7 6-4,W
2?Aug?2026,Toronto,Hard,(25)Eala d. Alycia Parks [USA],6-1 4-6 6-2,W
27?Jul?2026,Washington,Hard,Eala d. (1)Jessica Pegula [USA],4-6 6-4 6-0,W
27?Jul?2026,Washington,Hard,Eala d. (3)Naomi Osaka [JPN],6-4 6-2,W
27?Jul?2026,Washington,Hard,Eala d. (2)Elina Svitolina [UKR],6-3 6-4,W
27?Jul?2026,Washington,Hard,Eala d. (7)Leylah Fernandez [CAN],6-2 7-6(1),W
27?Jul?2026,Washington,Hard,Eala d. (WC)Qinwen Zheng [CHN],4-6 6-4 6-1,W
29?Jun?2026,Wimbledon,Grass,(13)Jasmine Paolini [ITA] d. (29)Eala,6-4 4-6 6-3,L
29?Jun?2026,Wimbledon,Grass,(29)Eala d. (3)Iga Swiatek [POL],7-6(9) 6-2,W
29?Jun?2026,Wimbledon,Grass,(29)Eala d. Maya Joint [AUS],3-6 6-2 6-0,W
29?Jun?2026,Wimbledon,Grass,(29)Eala d. Renata Zarazua [MEX],6-1 6-2,W
21?Jun?2026,Bad Homburg,Grass,Elise Mertens [BEL] d. Eala,6-3 6-3,L
15?Jun?2026,Berlin,Grass,(8)Linda Noskova [CZE] d. (WC)Eala,6-2 6-4,L
15?Jun?2026,Berlin,Grass,(WC)Eala d. (6)Elina Svitolina [UKR],6-3 6-4,W
15?Jun?2026,Berlin,Grass,(WC)Eala d. (2)Elena Rybakina [KAZ],7-5 6-4,W
15?Jun?2026,Berlin,Grass,(WC)Eala d. (SE)Donna Vekic [CRO],7-5 6-4,W
8?Jun?2026,Queen's Club,Grass,(6)Iva Jovic [USA] d. Eala,6-2 6-2,L
8?Jun?2026,Queen's Club,Grass,Eala d. (Q)Shuai Zhang [CHN],6-3 6-2,W
1?Jun?2026,Birmingham 125,Grass,(1)Eala d. (5)Nikola Bartunkova [CZE],5-7 6-3 7-5,W
1?Jun?2026,Birmingham 125,Grass,(1)Eala d. (Q)Rebeka Masarova [ESP],6-2 4-6 6-3,W
1?Jun?2026,Birmingham 125,Grass,(1)Eala d. (Q)Mananchaya Sawangkaew [THA],6-3 6-2,W
1?Jun?2026,Birmingham 125,Grass,(1)Eala d. Alina Charaeva [RUS],6-2 7-5,W
1?Jun?2026,Birmingham 125,Grass,(1)Eala d. Priscilla Hon [AUS],6-0 6-2,W
25?May?2026,Roland Garros,Clay,(17)Iva Jovic [USA] d. Eala,6-4 6-2,L
17?May?2026,Strasbourg,Clay,(Q)Oleksandra Oliynykova [UKR] d. Eala,3-6 7-5 6-3,L
5?May?2026,Rome,Clay,(2)Elena Rybakina [KAZ] d. Eala,6-4 6-3,L
5?May?2026,Rome,Clay,Eala d. (31)Xin Yu Wang [CHN],6-4 6-3,W
5?May?2026,Rome,Clay,Eala d. Magdalena Frech [POL],6-0 3-6 6-4,W
21?Apr?2026,Madrid,Clay,(19)Elise Mertens [BEL] d. Eala,6-2 6-1,L
21?Apr?2026,Madrid,Clay,Eala d. (Q)Anastasia Pavlyuchenkova [RUS],6-3 6-3,W
13?Apr?2026,Stuttgart,Clay,Leylah Fernandez [CAN] d. Eala,6-1 6-4,L
6?Apr?2026,Linz,Clay,(4)Jelena Ostapenko [LAT] d. Eala,6-4 7-5,L
6?Apr?2026,Linz,Clay,Eala d. Julia Grabher [AUT],6-4 6-3,W
17?Mar?2026,Miami,Hard,(13)Karolina Muchova [CZE] d. (31)Eala,6-0 6-2,L
17?Mar?2026,Miami,Hard,(31)Eala d. Magda Linette [POL],6-3 7-6(2),W
17?Mar?2026,Miami,Hard,(31)Eala d. Laura Siegemund [GER],6-7(6) 6-3 6-3,W
4?Mar?2026,Indian Wells,Hard,(14)Linda Noskova [CZE] d. (31)Eala,6-2 6-0,L
4?Mar?2026,Indian Wells,Hard,(31)Eala d. (4)Coco Gauff [USA],6-2 2-0 RET,W
4?Mar?2026,Indian Wells,Hard,(31)Eala d. Dayana Yastremska [UKR],7-5 4-6 7-5,W
15?Feb?2026,Dubai,Hard,(3)Coco Gauff [USA] d. Eala,6-0 6-2,L
15?Feb?2026,Dubai,Hard,Eala d. Sorana Cirstea [ROU],7-5 6-4,W
15?Feb?2026,Dubai,Hard,Eala d. (6)Jasmine Paolini [ITA],6-1 7-6(5),W
15?Feb?2026,Dubai,Hard,Eala d. (LL)Hailey Baptiste [USA],6-4 0-1 RET,W
8?Feb?2026,Doha,Hard,(Q)Tereza Valentova [CZE] d. Eala,7-6(6) 6-1,L
1?Feb?2026,Abu Dhabi,Hard,(2)Ekaterina Alexandrova [RUS] d. Eala,6-3 6-3,L
1?Feb?2026,Abu Dhabi,Hard,Eala d. (LL)Aliaksandra Sasnovich [BLR],2-6 6-4 7-6(5),W
1?Feb?2026,Abu Dhabi,Hard,Eala d. (WC)Zeynep Sonmez [TUR],6-4 6-3,W
26?Jan?2026,Manila 125,Hard,(5)Camila Osorio [COL] d. (2)Eala,6-4 6-4,L
26?Jan?2026,Manila 125,Hard,(2)Eala d. Himeno Sakatsume [JPN],6-4 6-0,W
26?Jan?2026,Manila 125,Hard,(2)Eala d. Alina Charaeva [RUS],6-1 6-2,W
19?Jan?2026,Australian Open,Hard,Alycia Parks [USA] d. Eala,0-6 6-3 6-2,L
5?Jan?2026,Auckland,Hard,(7)Xin Yu Wang [CHN] d. (4)Eala,5-7 7-5 6-4,L
5?Jan?2026,Auckland,Hard,(4)Eala d. (5)Magda Linette [POL],6-3 6-2,W
5?Jan?2026,Auckland,Hard,(4)Eala d. Petra Marcinko [CRO],6-0 6-2,W
5?Jan?2026,Auckland,Hard,(4)Eala d. Donna Vekic [CRO],4-6 6-4 6-4,W
27?Oct?2025,Hong Kong,Hard,(3)Victoria Mboko [CAN] d. Eala,3-6 6-3 6-4,L
27?Oct?2025,Hong Kong,Hard,Eala d. Katie Boulter [GBR],6-4 2-1 RET,W
20?Oct?2025,Guangzhou,Hard,(Q)Claire Liu [USA] d. (4)Eala,2-6 6-4 6-4,L
13?Oct?2025,Osaka,Hard,(Q)Tereza Valentova [CZE] d. Eala,6-1 6-2,L
6?Oct?2025,Wuhan,Hard,Moyuka Uchijima [JPN] d. (5)Eala,6-4 3-6 6-2,L
29?Sep?2025,Suzhou 125,Hard,(6)Viktorija Golubic [SUI] d. (4)Eala,2-6 6-2 7-6(0),L
29?Sep?2025,Suzhou 125,Hard,(4)Eala d. Greet Minnen [BEL],7-6(5) 6-7(3) 7-5,W
29?Sep?2025,Suzhou 125,Hard,(4)Eala d. Katarzyna Kawa [POL],6-3 3-6 7-5,W
22?Sep?2025,Jingshan 125,Hard,(3)Lulu Sun [NZL] d. (1)Eala,3-6 6-4 6-2,L
22?Sep?2025,Jingshan 125,Hard,(1)Eala d. Jia Jing Lu [CHN],6-4 6-1,W
22?Sep?2025,Jingshan 125,Hard,(1)Eala d. Mei Yamaguchi [JPN],6-0 6-3,W
22?Sep?2025,Jingshan 125,Hard,(1)Eala d. Aliona Falei [BLR],6-3 7-5,W
8?Sep?2025,Sao Paulo,Hard,Janice Tjen [INA] d. (3)Eala,6-4 6-1,L
8?Sep?2025,Sao Paulo,Hard,(3)Eala d. Julia Riera [ARG],6-1 6-4,W
8?Sep?2025,Sao Paulo,Hard,(3)Eala d. (Q)Yasmine Mansouri [FRA],6-0 6-2,W
1?Sep?2025,Guadalajara 125,Hard,(2)Eala d. Panna Udvardy [HUN],1-6 7-5 6-3,W
1?Sep?2025,Guadalajara 125,Hard,(2)Eala d. Kayla Day [USA],6-2 6-3,W
1?Sep?2025,Guadalajara 125,Hard,(2)Eala d. Nicole Fossa Huergo [ITA],7-6(2) 6-2,W
1?Sep?2025,Guadalajara 125,Hard,(2)Eala d. (Q)Varvara Lepchenko [USA],6-7(3) 7-6(3) 6-3,W
1?Sep?2025,Guadalajara 125,Hard,(2)Eala d. Arianne Hartono [NED],6-2 6-2,W
25?Aug?2025,US Open,Hard,Cristina Bucsa [ESP] d. Eala,6-4 6-3,L
25?Aug?2025,US Open,Hard,Eala d. (14)Clara Tauson [DEN],6-3 2-6 7-6(11),W
27?Jul?2025,Montreal,Hard,Marketa Vondrousova [CZE] d. Eala,3-6 6-1 6-2,L
30?Jun?2025,Wimbledon,Grass,(17)Barbora Krejcikova [CZE] d. Eala,3-6 6-2 6-1,L
23?Jun?2025,Eastbourne,Grass,Maya Joint [AUS] d. (Q)Eala,6-4 1-6 7-6(10),L
23?Jun?2025,Eastbourne,Grass,(Q)Eala d. (Q)Varvara Gracheva [FRA],7-5 2-6 6-3,W
23?Jun?2025,Eastbourne,Grass,(Q)Eala d. (SE)Dayana Yastremska [UKR],6-1 6-2,W
23?Jun?2025,Eastbourne,Grass,(Q)Eala d. (3)Jelena Ostapenko [LAT],0-6 6-2 3-2 RET,W
23?Jun?2025,Eastbourne,Grass,(Q)Eala d. Lucia Bronzetti [ITA],6-0 6-1,W
23?Jun?2025,Eastbourne,Grass,(8)Eala d. (1)Hailey Baptiste [USA],6-7(1) 7-6(4) 6-1,W
23?Jun?2025,Eastbourne,Grass,(8)Eala d. Zeynep Sonmez [TUR],6-1 6-3,W
16?Jun?2025,Nottingham,Grass,(6)Magda Linette [POL] d. (Q)Eala,6-4 6-3,L
16?Jun?2025,Nottingham,Grass,(6)Eala d. (11)Anca Alexia Todoni [ROU],6-3 6-7(4) 6-3,W
16?Jun?2025,Nottingham,Grass,(6)Eala d. Varvara Gracheva [FRA],6-3 3-6 6-3,W
9?Jun?2025,Ilkley 125,Grass,(8)Rebecca Marino [CAN] d. (1)Eala,1-6 6-0 7-6(4),L
9?Jun?2025,Ilkley 125,Grass,(1)Eala d. (Q)Valentina Ryser [SUI],6-1 6-2,W
9?Jun?2025,Ilkley 125,Grass,(1)Eala d. (Q)Lizette Cabrera [AUS],7-6(4) 6-3,W
2?Jun?2025,Birmingham 125,Grass,Linda Fruhvirtova [CZE] d. (3)Eala,7-5 6-7(5) 6-1,L
26?May?2025,Roland Garros,Clay,Emiliana Arango [COL] d. Eala,6-0 2-6 6-3,L
6?May?2025,Rome,Clay,Marta Kostyuk [UKR] d. Eala,6-0 6-1,L
22?Apr?2025,Madrid,Clay,(2)Iga Swiatek [POL] d. (WC)Eala,4-6 6-4 6-2,L
22?Apr?2025,Madrid,Clay,(WC)Eala d. Viktoriya Tomova [BUL],6-3 6-2,W
14?Apr?2025,Oeiras 125,Clay,Panna Udvardy [HUN] d. (1)Eala,7-6(4) 6-4,L
14?Apr?2025,Oeiras 125,Clay,(1)Eala d. Anouk Koevermans [NED],6-3 6-4,W
18?Mar?2025,Miami,Hard,(4)Jessica Pegula [USA] d. (WC)Eala,7-6(3) 5-7 6-3,L
18?Mar?2025,Miami,Hard,(WC)Eala d. (2)Iga Swiatek [POL],6-2 7-5,W
18?Mar?2025,Miami,Hard,(WC)Eala d. (10)Paula Badosa [ESP],W/O,W
18?Mar?2025,Miami,Hard,(WC)Eala d. (5)Madison Keys [USA],6-4 6-2,W
18?Mar?2025,Miami,Hard,(WC)Eala d. (25)Jelena Ostapenko [LAT],7-6(2) 7-5,W
18?Mar?2025,Miami,Hard,(WC)Eala d. Katie Volynets [USA],6-3 7-6(3),W
3?Mar?2025,W75 Trnava,Hard,Valentina Ryser [SUI] d. Eala,4-6 6-2 6-2,L
3?Mar?2025,W75 Trnava,Hard,Eala d. Leyre Romero Gormaz [ESP],6-4 6-2,W
24?Feb?2025,W75 Trnava,Hard,Celine Naef [SUI] d. Eala,4-6 6-2 6-3,L
24?Feb?2025,W75 Trnava,Hard,Eala d. Rebeka Masarova [ESP],6-4 6-3,W
3?Feb?2025,Mumbai 125,Hard,Mai Hontama [JPN] d. Eala,7-6(5) 6-2,L
3?Feb?2025,Mumbai 125,Hard,Eala d. Sara Saito [JPN],6-1 6-0,W
27?Jan?2025,Singapore,Hard,Simona Waltert [SUI] d. (9)Eala,6-3 6-2,L
27?Jan?2025,Singapore,Hard,(9)Eala d. Sara Saito [JPN],6-1 6-7(1) 7-5,W
13?Jan?2025,Australian Open,Hard,(27)Jana Fett [CRO] d. Eala,7-5 6-2,L
30?Dec?2024,Canberra 125,Hard,Sijia Wei [CHN] d. (Q)Eala,7-5 6-2,L
30?Dec?2024,Canberra 125,Hard,(Q)Eala d. (WC)Taylah Preston [AUS],4-6 6-2 6-1,W
30?Dec?2024,Canberra 125,Hard,(Q)Eala d. Arianne Hartono [NED],6-3 6-3,W
30?Dec?2024,Canberra 125,Hard,(Q)Eala d. (Q)Sinja Kraus [AUT],6-2 6-4,W
30?Dec?2024,Canberra 125,Hard,(1)Eala d. (WC)Alana Subasic [AUS],5-7 6-0 6-1,W
30?Dec?2024,Canberra 125,Hard,(1)Eala d. (WC)Catherine Aulia [AUS],6-1 6-2,W
2?Dec?2024,W100 Dubai,Hard,(1)Polina Kudermetova [RUS] d. (4)Eala,4-6 6-2 6-2,L
2?Dec?2024,W100 Dubai,Hard,(4)Eala d. Kyoka Okamura [JPN],3-6 6-4 6-2,W
2?Dec?2024,W100 Dubai,Hard,(4)Eala d. (SR)Yuliya Hatouka [BLR],6-3 7-5,W
2?Dec?2024,W100 Dubai,Hard,(4)Eala d. (Q)Rada Zolotareva [RUS],6-2 6-3,W
18?Nov?2024,W100 Takasaki,Hard,(3)Mananchaya Sawangkaew [THA] d. (5)Eala,4-6 6-1 6-2,L
18?Nov?2024,W100 Takasaki,Hard,(5)Eala d. (WC)Hayu Kinoshita [JPN],6-3 4-6 7-5,W
18?Nov?2024,W100 Takasaki,Hard,(5)Eala d. (WC)Ena Koike [JPN],6-2 6-0,W
28?Oct?2024,Jiujiang,Hard,(1)Marie Bouzkova [CZE] d. Eala,7-5 7-6(4),L
21?Oct?2024,Guangzhou,Hard,Bernarda Pera [USA] d. (Q)Eala,6-0 6-3,L
21?Oct?2024,Guangzhou,Hard,(11)Eala d. Elena Pridankina [RUS],6-2 6-2,W
21?Oct?2024,Guangzhou,Hard,(11)Eala d. Xinyu Gao [CHN],6-2 6-7(3) 6-2,W
14?Oct?2024,Ningbo,Hard,Priscilla Hon [AUS] d. (11)Eala,6-4 6-3,L
7?Oct?2024,Wuhan,Hard,Katerina Siniakova [CZE] d. (WC)Eala,6-3 6-1,L
9?Sep?2024,Guadalajara,Hard,(6)Marie Bouzkova [CZE] d. (Q)Eala,6-2 6-2,L
9?Sep?2024,Guadalajara,Hard,(8)Eala d. Samantha Murray [GBR],6-4 6-2,W
9?Sep?2024,Guadalajara,Hard,(8)Eala d. Fanny Stollar [HUN],6-1 6-2,W
2?Sep?2024,Guadalajara 125,Hard,(4)Tatjana Maria [GER] d. Eala,7-5 6-2,L
2?Sep?2024,Guadalajara 125,Hard,Eala d. Victoria Hu [USA],3-6 7-6(2) 6-4,W
26?Aug?2024,US Open,Hard,(20)Elena Gabriela Ruse [ROU] d. Eala,3-6 6-1 6-4,L
26?Aug?2024,US Open,Hard,Eala d. (15)Nuria Parrizas Diaz [ESP],7-5 7-5,W
26?Aug?2024,US Open,Hard,Eala d. Maddison Inglis [AUS],6-3 2-6 6-1,W
12?Aug?2024,W100 Cary NC,Hard,(2)Renata Zarazua [MEX] d. Eala,3-6 6-4 6-3,L
12?Aug?2024,W100 Cary NC,Hard,Eala d. (Q)Oksana Selekhmeteva [RUS],7-6(5) 7-6(4),W
12?Aug?2024,W100 Cary NC,Hard,Eala d. (8)Julia Riera [ARG],6-3 6-1,W
5?Aug?2024,W100 Landisville PA,Hard,Olivia Gadecki [AUS] d. Eala,6-1 0-6 6-3,L
5?Aug?2024,W100 Landisville PA,Hard,Eala d. (WC)Mary Stoiana [USA],7-5 6-2,W
5?Aug?2024,W100 Landisville PA,Hard,Eala d. Taylah Preston [AUS],7-5 6-1,W
22?Jul?2024,Warsaw 125,Hard,Isabella Shinikova [BUL] d. (4)Eala,6-2 6-4,L
15?Jul?2024,W100 Vitoria - Gasteiz,Hard,(5)Eala d. (7)Victoria Jimenez Kasintseva [AND],6-4 6-4,W
15?Jul?2024,W100 Vitoria - Gasteiz,Hard,(5)Eala d. Maria Jose Portillo Ramirez [MEX],6-2 6-1,W
15?Jul?2024,W100 Vitoria - Gasteiz,Hard,(5)Eala d. (4)Yuliia Starodubtseva [UKR],7-6(5) 6-4,W
15?Jul?2024,W100 Vitoria - Gasteiz,Hard,(5)Eala d. Lucia Cortez Llorca [ESP],7-5 7-5,W
15?Jul?2024,W100 Vitoria - Gasteiz,Hard,(5)Eala d. (Q)Lian Tran [NED],6-4 6-2,W
1?Jul?2024,Wimbledon,Grass,(23)Lulu Sun [NZL] d. Eala,7-6(3) 7-5,L
1?Jul?2024,Wimbledon,Grass,Eala d. (14)Tamara Zidansek [SLO],1-6 7-6(9) 6-3,W
1?Jul?2024,Wimbledon,Grass,Eala d. Jessika Ponchet [FRA],7-6(1) 6-4,W
17?Jun?2024,Gaiba 125,Grass,(4)Sara Errani [ITA] d. Eala,6-0 7-6(3),L
17?Jun?2024,Gaiba 125,Grass,Eala d. (WC)Georgia Pedone [ITA],6-3 6-3,W
17?Jun?2024,Gaiba 125,Grass,Eala d. Carole Monnet [FRA],6-3 7-5,W
10?Jun?2024,Nottingham,Grass,Ena Shibahara [JPN] d. (2)Eala,6-7(5) 6-0 6-2,L
10?Jun?2024,Nottingham,Grass,(2)Eala d. (WC)Sarah Beth Grey [GBR],6-3 6-4,W
3?Jun?2024,Makarska 125,Clay,(Q)Maria Timofeeva [RUS] d. Eala,1-6 6-3 6-2,L
27?May?2024,Roland Garros,Clay,(2)Julia Riera [ARG] d. Eala,4-6 7-6(3) 6-4,L
27?May?2024,Roland Garros,Clay,Eala d. (30)Taylah Preston [AUS],4-6 6-4 7-5,W
27?May?2024,Roland Garros,Clay,Eala d. Ye Xin Ma [CHN],6-1 6-1,W
13?May?2024,W75 Zagreb,Clay,Tena Lukas [CRO] d. (6)Eala,7-5 3-6 6-4,L
22?Apr?2024,Madrid,Clay,(27)Sorana Cirstea [ROU] d. (WC)Eala,6-3 6-7(6) 6-4,L
22?Apr?2024,Madrid,Clay,(WC)Eala d. Lesia Tsurenko [UKR],2-6 6-4 6-4,W
15?Apr?2024,Oeiras 125,Clay,(LL)Julia Avdeeva [RUS] d. Eala,2-6 6-4 6-4,L
8?Apr?2024,W75 Bellinzona,Clay,Selena Janicijevic [FRA] d. (7)Eala,6-3 6-1,L
25?Mar?2024,W75 Croissy-Beaubourg,Hard,Mona Barthel [GER] d. Eala,4-6 6-4 6-1,L
25?Mar?2024,W75 Croissy-Beaubourg,Hard,Eala d. (WC)Emeline Dartron [FRA],6-3 6-4,W
18?Mar?2024,Miami,Hard,Emiliana Arango [COL] d. (WC)Eala,2-6 7-5 6-1,L
18?Mar?2024,Miami,Hard,(WC)Eala d. (20)Sara Errani [ITA],6-3 6-1,W
4?Mar?2024,W75 Trnava,Hard,(7)Tereza Martincova [CZE] d. (Q)Eala,3-6 6-4 7-6(3),L
4?Mar?2024,W75 Trnava,Hard,(2)Eala d. (9)Iryna Shymanovich [BLR],6-0 6-2,W
4?Mar?2024,W75 Trnava,Hard,(2)Eala d. Nastasja Schunk [GER],6-0 6-3,W
26?Feb?2024,W50 Trnava,Hard,(JE)Anastasiia Gureva [RUS] d. Eala,6-2 3-6 7-6(3),L
26?Feb?2024,W50 Trnava,Hard,Eala d. Lina Gjorcheska [MKD],6-4 6-2,W
26?Feb?2024,W50 Trnava,Hard,Eala d. (2)Anna Bondar [HUN],6-3 6-1,W
19?Feb?2024,W75 Porto,Hard,(2)Anna Bondar [HUN] d. Eala,6-4 6-7(3) 6-1,L
19?Feb?2024,W75 Porto,Hard,Eala d. (8)Katarina Zavatska [UKR],6-0 6-3,W
19?Feb?2024,W75 Porto,Hard,Eala d. Raluka Serban [CYP],6-4 6-2,W
5?Feb?2024,Abu Dhabi,Hard,Magda Linette [POL] d. (WC)Eala,7-6(4) 6-1,L
29?Jan?2024,W50 Indore,Hard,(2)Polina Kudermetova [RUS] d. (3)Eala,6-4 6-7(5) 6-2,L
29?Jan?2024,W50 Indore,Hard,(3)Eala d. (6)Anca Alexia Todoni [ROU],7-5 6-2,W
29?Jan?2024,W50 Indore,Hard,(3)Eala d. (Q)Ekaterina Yashina [RUS],7-6(1) 6-7(4) 6-0,W
29?Jan?2024,W50 Indore,Hard,(3)Eala d. Zhibek Kulambayeva [KAZ],6-3 6-4,W
22?Jan?2024,W50 Pune,Hard,(1)Darja Semenistaja [LAT] d. (5)Eala,7-6(6) 6-0,L
22?Jan?2024,W50 Pune,Hard,(5)Eala d. (LL)Zeel Desai [IND],6-1 6-2,W
22?Jan?2024,W50 Pune,Hard,(5)Eala d. Fanny Stollar [HUN],6-2 6-2,W
15?Jan?2024,Australian Open,Hard,(18)Rebecca Peterson [SWE] d. Eala,6-2 7-5,L
1?Jan?2024,Canberra 125,Hard,(5)Celine Naef [SUI] d. Eala,6-4 7-5,L
13?Nov?2023,W40 Petange,Hard,(3)Oceane Dodin [FRA] d. (9)Eala,6-1 7-5,L
13?Nov?2023,W40 Petange,Hard,(9)Eala d. (4)Anna Lena Friedsam [GER],7-5 4-6 6-2,W
13?Nov?2023,W40 Petange,Hard,(9)Eala d. (Q)Jasmijn Gimbrere [NED],6-3 6-2,W
13?Nov?2023,W40 Petange,Hard,(9)Eala d. (Q)Johanne Christine Svendsen [DEN],6-3 6-1,W
13?Nov?2023,W40 Petange,Hard,(9)Eala d. (Q)Angelina Wirges [GER],6-3 6-2,W
30?Oct?2023,W60 Nantes,Hard,Gabriela Andrea Knutson [CZE] d. Eala,2-6 6-3 6-1,L
30?Oct?2023,W60 Nantes,Hard,Eala d. (3)Leolia Jeanjean [FRA],6-4 2-0 RET,W
30?Oct?2023,W60 Nantes,Hard,Eala d. (6)Zeynep Sonmez [TUR],7-6(5) 6-4,W
30?Oct?2023,W60 Nantes,Hard,Eala d. (WC)Amandine Hesse [FRA],6-3 6-2,W
23?Oct?2023,W60 Glasgow,Hard,Suzan Lamens [NED] d. (8)Eala,2-6 6-4 6-1,L
16?Oct?2023,Monastir,Hard,(2)Elise Mertens [BEL] d. (Q)Eala,7-5 6-0,L
16?Oct?2023,Monastir,Hard,(8)Eala d. (3)Elsa Jacquemot [FRA],6-1 5-7 6-1,W
16?Oct?2023,Monastir,Hard,(8)Eala d. (WC)Feryel Ben Hassen [TUN],6-1 6-0,W
18?Sep?2023,Guangzhou,Hard,(3)Tatjana Maria [GER] d. (Q)Eala,6-3 6-0,L
18?Sep?2023,Guangzhou,Hard,(10)Eala d. (6)Elizabeth Mandlik [USA],7-5 7-6(3),W
18?Sep?2023,Guangzhou,Hard,(10)Eala d. En Shuo Liang [TPE],5-7 6-1 7-5,W
11?Sep?2023,Osaka,Hard,(Q)Himeno Sakatsume [JPN] d. (Q)Eala,6-0 6-3,L
11?Sep?2023,Osaka,Hard,(5)Eala d. Sohyun Park [KOR],4-6 6-1 7-5,W
11?Sep?2023,Osaka,Hard,(5)Eala d. Fernanda Contreras Gomez [MEX],6-3 6-4,W
4?Sep?2023,W100 Tokyo,Hard,(5)Kimberly Birrell [AUS] d. (Q)Eala,4-6 7-6(5) 6-2,L
4?Sep?2023,W100 Tokyo,Hard,(Q)Eala d. (WC)Natsumi Kawaguchi [JPN],6-4 6-3,W
4?Sep?2023,W100 Tokyo,Hard,(1)Eala d. (9)Anastasia Kulikova [FIN],6-2 6-3,W
4?Sep?2023,W100 Tokyo,Hard,(1)Eala d. Kanako Morisaki [JPN],6-4 6-2,W
14?Aug?2023,W25 Aldershot,Hard,(6)Destanee Aiava [AUS] d. (3)Eala,3-6 6-4 6-1,L
14?Aug?2023,W25 Aldershot,Hard,(3)Eala d. Katy Dunne [GBR],1-6 7-6(4) 6-3,W
14?Aug?2023,W25 Aldershot,Hard,(3)Eala d. Jenna Defalco [USA],6-1 6-2,W
14?Aug?2023,W25 Aldershot,Hard,(3)Eala d. Talia Gibson [AUS],4-6 6-4 6-3,W
14?Aug?2023,W25 Aldershot,Hard,(3)Eala d. (WC)Ranah Akua Stoiber [GBR],6-2 6-4,W
7?Aug?2023,W25 Roehampton,Hard,(6)Eala d. (2)Arina Rodionova [AUS],6-2 6-3,W
7?Aug?2023,W25 Roehampton,Hard,(6)Eala d. (3)Arianne Hartono [NED],7-6(4) 2-6 6-1,W
7?Aug?2023,W25 Roehampton,Hard,(6)Eala d. (1)Priscilla Hon [AUS],6-2 6-4,W
7?Aug?2023,W25 Roehampton,Hard,(6)Eala d. Destanee Aiava [AUS],3-6 7-5 6-3,W
7?Aug?2023,W25 Roehampton,Hard,(6)Eala d. (Q)Gabriella Da Silva Fick [AUS],6-3 6-4,W
31?Jul?2023,W60 Barcelona,Hard,(WC)Georgina Garcia Perez [ESP] d. Eala,6-4 6-3,L
31?Jul?2023,W60 Barcelona,Hard,Eala d. (2)Eva Lys [GER],4-6 6-4 6-1,W
31?Jul?2023,W60 Barcelona,Hard,Eala d. (Q)Diana Marcinkevica [LAT],3-0 RET,W
17?Jul?2023,W100 Vitoria-Gasteiz,Hard,(3)Jessika Ponchet [FRA] d. Eala,2-6 6-4 6-2,L
17?Jul?2023,W100 Vitoria-Gasteiz,Hard,Eala d. Lucia Cortez Llorca [ESP],6-2 4-6 6-2,W
17?Jul?2023,W100 Vitoria-Gasteiz,Hard,Eala d. (Q)Tianmi Mi [CHN],6-3 6-7(5) 6-0,W
17?Jul?2023,W100 Vitoria-Gasteiz,Hard,Eala d. (5)Jaqueline Cristian [ROU],7-6(5) 6-7(1) 6-2,W
10?Jul?2023,W25 Corroios-Seixal,Hard,Sohyun Park [KOR] d. (8)Eala,6-4 6-3,L
26?Jun?2023,W40 Palma del Rio,Hard,(3)Valeria Savinykh [RUS] d. (6)Eala,6-4 6-2,L
26?Jun?2023,W40 Palma del Rio,Hard,(6)Eala d. Talia Gibson [AUS],6-3 6-1,W
26?Jun?2023,W40 Palma del Rio,Hard,(6)Eala d. (WC)Lorena Solar Donoso [ESP],6-3 6-2,W
19?Jun?2023,W25+H Tauste-Zaragoza,Hard,Destanee Aiava [AUS] d. (3)Eala,6-1 6-2,L
5?Jun?2023,W25 Madrid,Hard,(5)Makenna Jones [USA] d. (3)Eala,2-6 6-4 6-4,L
5?Jun?2023,W25 Madrid,Hard,(3)Eala d. (Q)Alana Smith [USA],6-4 6-4,W
5?Jun?2023,W25 Madrid,Hard,(3)Eala d. Jessica Failla [USA],6-3 7-6(8),W
29?May?2023,W25 Yecla,Hard,(2)Eala d. Valentina Ryser [SUI],6-3 7-5,W
29?May?2023,W25 Yecla,Hard,(2)Eala d. (Q)Lucia Peyre [ARG],6-3 5-7 6-4,W
29?May?2023,W25 Yecla,Hard,(2)Eala d. Victoria Rodriguez [MEX],6-1 6-3,W
29?May?2023,W25 Yecla,Hard,(2)Eala d. (Q)Nahia Berecoechea [FRA],3-6 6-1 6-1,W
29?May?2023,W25 Yecla,Hard,(2)Eala d. (SR)Katy Dunne [GBR],7-5 2-6 6-2,W
22?May?2023,W25 Monastir,Hard,(Q)Jiaqi Wang [CHN] d. (1)Eala,0-6 6-4 6-3,L
22?May?2023,W25 Monastir,Hard,(1)Eala d. Nadine Keller [SUI],6-1 6-4,W
22?May?2023,W25 Monastir,Hard,(1)Eala d. (Q)Anja Wildgruber [GER],6-1 6-1,W
24?Apr?2023,Madrid,Clay,Tatjana Maria [GER] d. (WC)Eala,6-1 6-1,L
17?Apr?2023,W60 Bellinzona,Clay,Ylona Georgiana Ghioroaie [ROU] d. (15)Eala,7-5 6-1,L
10?Apr?2023,W60 Chiasso,Clay,Alexandra Cadantu Ignatik [ROU] d. Eala,6-0 6-2,L
20?Mar?2023,Miami,Hard,Irina Camelia Begu [ROU] d. (WC)Eala,6-2 7-5,L
6?Mar?2023,W60 Trnava,Hard,Sonay Kartal [GBR] d. Eala,6-2 6-2,L
6?Mar?2023,W60 Trnava,Hard,Eala d. (6)Leyre Romero Gormaz [ESP],6-1 6-0,W
30?Jan?2023,Hua Hin,Hard,(6)Tatjana Maria [GER] d. (Q)Eala,6-2 6-2,L
30?Jan?2023,Hua Hin,Hard,(4)Eala d. (9)Kristina Dmitruk [BLR],6-2 7-5,W
30?Jan?2023,Hua Hin,Hard,(4)Eala d. (WC)Xinyun Han [CHN],6-1 7-6(6),W
16?Jan?2023,Australian Open,Hard,Misaki Doi [JPN] d. Eala,4-6 7-6(1) 6-3,L
2?Jan?2023,W60 Canberra,Hard,(7)Oksana Selekhmeteva [RUS] d. Eala,3-6 6-4 6-4,L
2?Jan?2023,W60 Canberra,Hard,Eala d. (16)Marcela Zacarias [MEX],6-3 7-6(0),W
31?Oct?2022,W100 Shrewsbury,Hard,(16)Maia Lumsden [GBR] d. (2)Eala,6-1 7-5,L
31?Oct?2022,W100 Shrewsbury,Hard,(2)Eala d. Ranah Akua Stoiber [GBR],6-3 6-1,W
24?Oct?2022,W80 Poitiers,Hard,Ysaline Bonaventure [BEL] d. (Q)Eala,6-1 3-6 6-3,L
24?Oct?2022,W80 Poitiers,Hard,(Q)Eala d. Ana Konjuh [CRO],6-2 6-3,W
24?Oct?2022,W80 Poitiers,Hard,(Q)Eala d. (8)Vitalia Diatchenko [RUS],6-4 6-3,W
24?Oct?2022,W80 Poitiers,Hard,(Q)Eala d. Jessika Ponchet [FRA],6-2 5-7 7-6(6),W
24?Oct?2022,W80 Poitiers,Hard,(4)Eala d. Diana Martynov [FRA],6-1 6-2,W
24?Oct?2022,W80 Poitiers,Hard,(4)Eala d. Astrid Cirotte [FRA],6-1 6-2,W
17?Oct?2022,W60 Hamburg,Hard,(1)Ysaline Bonaventure [BEL] d. Eala,6-4 6-0,L
17?Oct?2022,W60 Hamburg,Hard,Eala d. Ekaterina Kazionova [RUS],2-6 6-4 6-4,W
3?Oct?2022,W80 Rancho Santa Fe CA,Hard,Marcela Zacarias [MEX] d. (Q)Eala,6-2 7-5,L
3?Oct?2022,W80 Rancho Santa Fe CA,Hard,(Q)Eala d. Katherine Sebov [CAN],7-6(6) 6-2,W
3?Oct?2022,W80 Rancho Santa Fe CA,Hard,(Q)Eala d. (WC)Dalayna Hewitt [USA],6-1 2-6 6-0,W
3?Oct?2022,W80 Rancho Santa Fe CA,Hard,(2)Eala d. Alana Smith [USA],6-0 6-0,W
3?Oct?2022,W80 Rancho Santa Fe CA,Hard,(2)Eala d. Deniza Marcinkevica [LAT],6-1 6-3,W
26?Sep?2022,W60 Templeton CA,Hard,(7)Katarzyna Kawa [POL] d. (WC)Eala,2-6 6-4 6-0,L
26?Sep?2022,W60 Templeton CA,Hard,(WC)Eala d. (Q)Shavit Kimchi [ISR],6-0 6-0,W
1?Aug?2022,W100 Grodzisk Mazowiecki,Hard,(14)Katharina Hobgarski [GER] d. Eala,6-4 6-3,L
1?Aug?2022,W100 Grodzisk Mazowiecki,Hard,Eala d. (Q)Laura Svatikova [SVK],6-4 6-4,W
25?Jul?2022,W25 El EspinarSegovia,Hard,(7)Eva Guerrero Alvarez [ESP] d. (4)Eala,6-2 3-6 6-2,L
25?Jul?2022,W25 El EspinarSegovia,Hard,(4)Eala d. (6)Rosa Vicens Mas [ESP],7-6(3) 7-6(4),W
25?Jul?2022,W25 El EspinarSegovia,Hard,(4)Eala d. Amy Zhu [USA],6-4 6-3,W
25?Jul?2022,W25 El EspinarSegovia,Hard,(4)Eala d. Maria Bondarenko [RUS],6-4 6-3,W
18?Jul?2022,W60 Vitoria-Gasteiz,Hard,(3)Jessika Ponchet [FRA] d. Eala,6-4 6-4,L
18?Jul?2022,W60 Vitoria-Gasteiz,Hard,Eala d. Eden Silva [GBR],6-1 6-1,W
18?Jul?2022,W60 Vitoria-Gasteiz,Hard,Eala d. Ya Hsuan Lee [TPE],1-6 6-4 4-1 RET,W
18?Jul?2022,W60 Vitoria-Gasteiz,Hard,Eala d. (WC)Berta Gutierrez Saiz [ESP],6-1 6-2,W
4?Jul?2022,W25 Corroios-Seixal,Hard,(WC)Alexandra Bozovic [AUS] d. Eala,1-6 6-4 7-5,L
4?Jul?2022,W25 Corroios-Seixal,Hard,Eala d. Eva Guerrero Alvarez [ESP],6-3 2-6 6-2,W
27?Jun?2022,W25+H Palma del Rio,Hard,(2)Jessika Ponchet [FRA] d. Eala,6-2 6-1,L
27?Jun?2022,W25+H Palma del Rio,Hard,Eala d. (Q)Jimar Geraldine Gerald Gonzalez [CHI],6-2 6-0,W
13?Jun?2022,W60 Madrid,Hard,(14)Marina Bassols Ribera [ESP] d. Eala,6-4 7-5,L
13?Jun?2022,W60 Madrid,Hard,Eala d. (16)Katherine Sebov [CAN],6-2 6-1,W
13?Jun?2022,W60 Madrid,Hard,Eala d. (3)Jaimee Fourlis [AUS],6-1 6-4,W
13?Jun?2022,W60 Madrid,Hard,Eala d. (7)Ivonne Cavalle Reimers [ESP],0-6 6-2 7-5,W
13?Jun?2022,W60 Madrid,Hard,Eala d. (11)Daniela Seguel [CHI],6-1 6-2,W
13?Jun?2022,W60 Madrid,Hard,Eala d. (Q)Lia Karatancheva [BUL],6-4 6-4,W
6?Jun?2022,W25 Madrid,Hard,(8)Alice Robbe [FRA] d. Eala,7-6(3) 6-3,L
6?Jun?2022,W25 Madrid,Hard,Eala d. (4)Xiaodi You [CHN],6-4 6-2,W
6?Jun?2022,W25 Madrid,Hard,Eala d. Arina Gabriela Vasilescu [ROU],5-7 6-1 6-2,W
28?Apr?2022,Madrid,Clay,(11)Anna Bondar [HUN] d. (WC)Eala,6-0 6-0,L
11?Apr?2022,W25 Chiang Rai,Hard,Erika Sema [JPN] d. Eala,6-3 2-6 6-3,L
11?Apr?2022,W25 Chiang Rai,Hard,Eala d. Amy Zhu [USA],6-3 6-1,W
11?Apr?2022,W25 Chiang Rai,Hard,Eala d. (1)Indy De Vroome [NED],6-2 6-3,W
4?Apr?2022,W25 Chiang Rai,Hard,Eala d. (WC)Luksika Kumkhum [THA],6-4 6-2,W
4?Apr?2022,W25 Chiang Rai,Hard,Eala d. Ye Xin Ma [CHN],6-3 6-4,W
4?Apr?2022,W25 Chiang Rai,Hard,Eala d. Momoko Kobori [JPN],6-3 6-3,W
4?Apr?2022,W25 Chiang Rai,Hard,Eala d. (WC)Patcharin Cheapchandej [THA],6-3 6-4,W
4?Apr?2022,W25 Chiang Rai,Hard,Eala d. (Q)Katarina Kozarov [SRB],4-6 6-4 6-1,W
21?Mar?2022,Miami,Hard,Madison Brengle [USA] d. (WC)Eala,6-2 6-1,L
28?Feb?2022,W25 Joue les Tours,Hard,(2)Oksana Selekhmeteva [RUS] d. (Q)Eala,6-3 6-3,L
28?Feb?2022,W25 Joue les Tours,Hard,(Q)Eala d. (WC)Jenny Lim [FRA],6-1 6-4,W
28?Feb?2022,W25 Joue les Tours,Hard,(6)Eala d. Fabienne Gettwart [GER],6-2 6-0,W
28?Feb?2022,W25 Joue les Tours,Hard,(6)Eala d. Anna Ozerova [LAT],6-0 6-1,W
21?Feb?2022,W25 Macon,Hard,(Q)Anna Ukolova [RUS] d. (Q)Eala,1-6 6-2 7-6(3),L
21?Feb?2022,W25 Macon,Hard,(6)Eala d. Ines Nicault [FRA],6-4 6-3,W
21?Feb?2022,W25 Macon,Hard,(6)Eala d. (WC)Helena Stevic [FRA],6-0 7-5,W
7?Feb?2022,W60 Grenoble,Hard,(4)Chloe Paquet [FRA] d. (Q)Eala,4-6 7-5 6-3,L
7?Feb?2022,W60 Grenoble,Hard,(Q)Eala d. Joanne Zuger [SUI],6-4 6-1,W
7?Feb?2022,W60 Grenoble,Hard,(10)Eala d. (6)Stefania Rubini [ITA],4-6 6-4 10-4,W
7?Feb?2022,W60 Grenoble,Hard,(10)Eala d. Thanh Lan Truong [FRA],6-3 6-2,W
31?Jan?2022,W25 Manacor,Hard,(5)Giulia Gatto Monticone [ITA] d. (JE)Eala,6-2 6-1,L
17?Jan?2022,W25 Manacor,Hard,(1)Alice Rame [FRA] d. (11)Eala,6-2 6-4,L
17?Jan?2022,W25 Manacor,Hard,(11)Eala d. Mia Chudejova [SVK],7-6(2) 6-3,W
17?Jan?2022,W25 Manacor,Hard,(11)Eala d. Ella Hojnik [SLO],6-1 6-1,W
22?Nov?2021,W25 Milovice,Hard,(8)Darya Astakhova [RUS] d. (JE)Eala,6-2 6-2,L
16?Aug?2021,W25 Ourense,Hard,Chloe Noel [FRA] d. (1)Eala,6-1 6-4,L
9?Aug?2021,W25 Koksijde,Clay,Taylor Ng [USA] d. (10)Eala,6-3 4-6 11-9,L
9?Aug?2021,W25 Koksijde,Clay,(10)Eala d. Sevil Yuldasheva [UZB],6-0 6-1,W
2?Aug?2021,Cluj-Napoca 1,Clay,Mayar Sherif [EGY] d. (WC)Eala,6-2 6-2,L
2?Aug?2021,Cluj-Napoca 1,Clay,(WC)Eala d. (Q)Paula Ormaechea [ARG],7-5 6-2,W
14?Jun?2021,W25 Madrid,Hard,(5)Andrea Lazaro Garcia [ESP] d. (JE)Eala,2-6 6-4 6-4,L
17?May?2021,W25 Platja D'Aro,Clay,Irene Burillo Escorihuela [ESP] d. (JE)Eala,6-2 6-4,L
17?May?2021,W25 Platja D'Aro,Clay,(JE)Eala d. (Q)Alba Carrillo Marin [ESP],6-3 5-7 7-5,W
5?Apr?2021,W60 Bellinzona,Clay,(JE)Eala d. (LL)Margot Yerolymos [FRA],7-6(6) 6-2,W
22?Mar?2021,Miami,Hard,(11)Viktoria Hruncakova [SVK] d. (WC)Eala,4-6 6-4 6-2,L
8?Mar?2021,W15 Manacor,Hard,(3)Simona Waltert [SUI] d. Eala,6-4 2-6 7-5,L
1?Mar?2021,W25 Manacor,Hard,(3)Jana Fett [CRO] d. (JE)Eala,4-6 6-3 7-5,L
1?Mar?2021,W25 Manacor,Hard,(JE)Eala d. Simona Waltert [SUI],6-1 6-4,W
8?Feb?2021,W25 Grenoble,Hard,Maja Chwalinska [POL] d. (JE)Eala,6-0 6-4,L
8?Feb?2021,W25 Grenoble,Hard,(JE)Eala d. (7)Cristina Bucsa [ESP],2-6 6-3 7-6(8),W
8?Feb?2021,W25 Grenoble,Hard,(JE)Eala d. Laura Ioana Andrei [ROU],6-3 4-6 6-4,W
1?Feb?2021,W15 Manacor,Hard,Oksana Selekhmeteva [RUS] d. Eala,6-2 6-3,L
1?Feb?2021,W15 Manacor,Hard,Eala d. (Q)Silvia Ambrosio [GER],7-6(3) 1-6 6-3,W
1?Feb?2021,W15 Manacor,Hard,Eala d. Ana Lantigua De La Nuez [ESP],6-0 6-2,W
25?Jan?2021,W15 Manacor,Hard,(7)Ylena In Albon [SUI] d. Eala,6-0 6-3,L
25?Jan?2021,W15 Manacor,Hard,Eala d. Alba Carrillo Marin [ESP],6-2 6-3,W
25?Jan?2021,W15 Manacor,Hard,Eala d. (2)Mirjam Bjorklund [SWE],6-4 3-6 6-3,W
18?Jan?2021,W15 Manacor,Hard,Eala d. (1)Seone Mendez [AUS],6-4 6-1,W
18?Jan?2021,W15 Manacor,Hard,Eala d. (WC)Anna Paradisi [ITA],6-1 6-2,W
23?Nov?2020,W15 Las Palmas de Gran Canaria,Clay,Anastasia Zarytska [UKR] d. Eala,6-2 6-4,L
16?Nov?2020,W25 Las Palmas de Gran Canaria,Clay,(Q)Lara Salden [BEL] d. (WC)Eala,6-0 2-6 6-2,L
16?Nov?2020,W25 Las Palmas de Gran Canaria,Clay,(WC)Eala d. (8)Francesca Jones [GBR],6-3 7-6(3),W
2?Nov?2020,W15 Castellon,Clay,Eala d. Alba Carrillo Marin [ESP],6-1 7-6(2),W
14?Sep?2020,W15 Melilla,Clay,(7)Alina Charaeva [RUS] d. (Q)Eala,6-3 6-3,L
14?Sep?2020,W15 Melilla,Clay,(WC)Eala d. Lucie Nguyen Tan [FRA],6-4 2-6 10-7,W
14?Sep?2020,W15 Melilla,Clay,(WC)Eala d. Iman Khan [GBR],6-2 6-2,W
2?Mar?2020,W15 Monastir,Hard,(3)Nina Stadler [SUI] d. Eala,4-6 7-6(6) 7-5,L
2?Mar?2020,W15 Monastir,Hard,Eala d. Nadia Echeverria Alam [USA],1-6 7-6(6) 3-2 RET,W
